{"stats":{"minecraft:mined":{"minecraft:fern":1,"minecraft:podzol":2},"minecraft:used":{"minecraft:podzol":2,"minecraft:dirt":1},"minecraft:picked_up":{"minecraft:dirt":2},"minecraft:custom":{"minecraft:jump":71,"minecraft:time_since_rest":2274,"minecraft:leave_game":1,"minecraft:damage_taken":40,"minecraft:sprint_one_cm":12050,"minecraft:play_time":2274,"minecraft:walk_on_water_one_cm":178,"minecraft:time_since_death":2274,"minecraft:walk_one_cm":1261,"minecraft:total_world_time":2274,"minecraft:fall_one_cm":3154,"minecraft:fly_one_cm":15045}},"DataVersion":3120}