{"stats":{"minecraft:custom":{"minecraft:jump":72,"minecraft:time_since_rest":12313,"minecraft:damage_taken":40,"minecraft:leave_game":2,"minecraft:play_time":12313,"minecraft:sprint_one_cm":12586,"minecraft:time_since_death":12313,"minecraft:walk_on_water_one_cm":178,"minecraft:walk_one_cm":1806,"minecraft:sneak_time":56,"minecraft:total_world_time":12313,"minecraft:fly_one_cm":26966,"minecraft:fall_one_cm":3154},"minecraft:mined":{"minecraft:podzol":2,"minecraft:fern":1},"minecraft:used":{"minecraft:dirt":1,"easy_npc:humanoid_spawn_egg":1,"minecraft:podzol":2},"minecraft:picked_up":{"minecraft:dirt":2}},"DataVersion":3120}