{"stats":{"minecraft:mined":{"minecraft:large_fern":2},"minecraft:custom":{"minecraft:jump":19,"minecraft:time_since_rest":12320,"minecraft:walk_on_water_one_cm":10,"minecraft:leave_game":2,"minecraft:play_time":12320,"minecraft:sprint_one_cm":6606,"minecraft:damage_taken":80,"minecraft:time_since_death":12320,"minecraft:walk_one_cm":2531,"minecraft:sneak_time":31,"minecraft:total_world_time":12320,"minecraft:walk_under_water_one_cm":1798,"minecraft:swim_one_cm":1015,"minecraft:fall_one_cm":1525,"minecraft:fly_one_cm":2807}},"DataVersion":3120}