{
  "tconstruct:tools/materials_and_you": {
    "criteria": {
      "crafted_book": "2024-08-29 20:52:52 +0000"
    },
    "done": true
  },
  "tconstruct:internal/starting_book": {
    "criteria": {
      "tick": "2024-08-29 20:52:52 +0000"
    },
    "done": true
  },
  "betterdungeons:root": {
    "criteria": {
      "always": "2024-08-29 20:52:52 +0000"
    },
    "done": true
  },
  "vampirism:main/vampire_forest": {
    "criteria": {
      "main": "2024-08-29 20:54:19 +0000"
    },
    "done": true
  },
  "create:root": {
    "criteria": {
      "0": "2024-08-29 20:52:52 +0000"
    },
    "done": true
  },
  "iceandfire:iceandfire/root": {
    "criteria": {
      "tick": "2024-08-29 20:52:52 +0000"
    },
    "done": true
  },
  "ironfurnaces:coal": {
    "criteria": {
      "rainbowcoal": "2024-08-29 20:52:52 +0000"
    },
    "done": true
  },
  "minecraft:adventure/adventuring_time": {
    "criteria": {
      "minecraft:taiga": "2024-08-29 20:52:54 +0000",
      "minecraft:snowy_taiga": "2024-08-29 20:53:30 +0000",
      "minecraft:frozen_ocean": "2024-08-29 20:55:12 +0000"
    },
    "done": false
  },
  "DataVersion": 3120
}