{
  "tconstruct:tools/materials_and_you": {
    "criteria": {
      "crafted_book": "2024-08-24 02:34:24 +0000"
    },
    "done": true
  },
  "tconstruct:internal/starting_book": {
    "criteria": {
      "tick": "2024-08-24 02:34:24 +0000"
    },
    "done": true
  },
  "create:root": {
    "criteria": {
      "0": "2024-08-24 02:34:24 +0000"
    },
    "done": true
  },
  "iceandfire:iceandfire/root": {
    "criteria": {
      "tick": "2024-08-24 02:34:24 +0000"
    },
    "done": true
  },
  "ironfurnaces:coal": {
    "criteria": {
      "rainbowcoal": "2024-08-24 02:34:24 +0000"
    },
    "done": true
  },
  "minecraft:adventure/adventuring_time": {
    "criteria": {
      "minecraft:jungle": "2024-08-24 02:34:25 +0000"
    },
    "done": false
  },
  "DataVersion": 3120
}